Title,URL,Date
What Is Data Scraping And How Can You Use It?,https://targetinternet.com/resources/what-is-data-scraping-and-how-can-you-use-it,13 Sept 2017
Scraping Data from a Real Website | Web Scraping in Python,https://www.youtube.com/watch?v=8dTpNajxaH0,11 Jul 2023
What is data scraping? - YouTube,https://www.youtube.com/watch?v=COeMzrSYgvw,30 Oct 2020
What is Web Scraping? (And Why Everyone Should Learn It),https://www.youtube.com/watch?v=dlj_QL-ENJM,25 Jan 2022
Data Scraping from Websites to Excel | Web Scraper Chorme ...,https://www.youtube.com/watch?v=aClnnoQK9G0,20 Aug 2021
Web Scraping with ChatGPT Code Interpreter is Mind-Blowing!,https://www.youtube.com/watch?v=B89Cf4pLNds,21 Jul 2023
Beginners Guide To Web Scraping with Python - YouTube,https://www.youtube.com/watch?v=QhD015WUMxE,27 Nov 2021
Web Scraping with Python - Beautiful Soup Crash Course,https://www.youtube.com/watch?v=XVv6mJpFOb0&pp=ygUJI2JzNHVsb2Zp,18 Nov 2020
Web Scraping 101: A Million Dollar Project Idea - YouTube,https://www.youtube.com/watch?v=DJnH0jR8y5Q,4 Jul 2023
Industrial-scale Web Scraping with AI & Proxy Networks,https://www.youtube.com/watch?v=qo_fUjb02ns,24 Apr 2023
Scrapy Course – Python Web Scraping for Beginners - YouTube,https://www.youtube.com/watch?v=mBoX_JCKZTE,27 Apr 2023
Web Scraping Full Course 2023 | Build and Deploy ... - YouTube,https://www.youtube.com/watch?v=lh9XVGv6BHs,30 Sept 2023
Amazon Web Scraping Using Python - Data Analyst Project,https://www.youtube.com/watch?v=HiOtQMcI5wg,24 Aug 2021
How to Scrape Data from Websites into Excel - YouTube,https://www.youtube.com/watch?v=uSxM2MXO0HI,30 May 2022
UiPath Data Scraping | Tutorial - YouTube,https://www.youtube.com/watch?v=2ron0Y8Kk-o,14 Jan 2023
Data Scraping Crawler - Extract contact data from any website,https://www.youtube.com/watch?v=e2ndsH8g8BQ,24 Nov 2022
Web Scraping Made EASY With Power Automate Desktop,https://www.youtube.com/watch?v=DgBZiBIgh3w,10 Feb 2022
Tutorial - How to Scrape Data from Websites with Data Miner,https://www.youtube.com/watch?v=Zrq5E0zagGw,4 Dec 2019
Data Scraping for Research Purposes - YouTube,https://www.youtube.com/watch?v=_mTGWquOEos,3 Apr 2022
What is Web Scraping and What is it Used For? - YouTube,https://www.youtube.com/watch?v=Ct8Gxo8StBU,27 Sept 2019
How To Use ChatGPT To Fully Automate Web Scraping,https://www.youtube.com/watch?v=e9oOj5jRHrM,24 Jan 2023
Python Web Scraping Tutorial • Step by Step Beginner's Guide,https://www.youtube.com/watch?v=Ew44dS0mw-E,26 Jan 2022
How to do WEB DATA SCRAPING on Power Automate Desktop,https://www.youtube.com/watch?v=L-tpN7z4tLs,12 Jul 2021
A Beginner's Guide to Data Scraping with UiPath Studio Web,https://www.youtube.com/watch?v=M4W5onuPKlk,31 Jan 2023
How To Scrape Websites With ChatGPT (As A ... - YouTube,https://www.youtube.com/watch?v=hrmkC_8dq_w,2 Jun 2023
Data Scraping with UiPath Studio X - YouTube,https://www.youtube.com/watch?v=iJbM5BpNys4,30 Nov 2022
The Ultimate Scraper Tutorial | Extract Data Without Code,https://www.youtube.com/watch?v=26Gt_9kFVok,14 May 2023
Web Scraper intro tutorial - YouTube,https://www.youtube.com/watch?v=n7fob_XVsbY,25 Jun 2019
Web Scraping VS Data Mining: What's the Difference?,https://www.youtube.com/watch?v=ssUeAe30UTI,16 Mar 2020
Best Tools for Web Scraping: How to Easily ... - YouTube,https://www.youtube.com/watch?v=UdQBHTv5cYQ,14 Sept 2020
UiPath Data Scraping (Web Page to Excel) - Tutorial - YouTube,https://www.youtube.com/watch?v=vIAJvk4quqA,22 Jan 2020
What is Data Scraping? #shorts - YouTube,https://www.youtube.com/watch?v=pazspHyE618,28 Oct 2021
How to Scrape Websites Without Code | The Ultimate Tutorial,https://www.youtube.com/watch?v=xCwLmKMIn3c,23 Mar 2022
Web Scraping with Power Automate Desktop in 5 minutes,https://www.youtube.com/watch?v=xK1syzA6NEE,2 Dec 2022
Web Scraping Techniques: How to Scrape Data from the Internet,https://www.youtube.com/watch?v=WgfUrqMbokE,25 Mar 2021
Web Scraping with Bright Data (formerly Luminati) - YouTube,https://www.youtube.com/watch?v=G8VGPWoaYxU,17 Sept 2021
Scrape Data from Google Search - YouTube,https://www.youtube.com/watch?v=_R8pNl41iUg,23 Jul 2021
Scrape Amazon Data using Python (Step by Step Guide),https://www.youtube.com/watch?v=2hPCX-p_X8Q,13 Nov 2022
Web scraping in Python takes 2 seconds... #shorts - YouTube,https://www.youtube.com/watch?v=JeT_f6inFT4,20 Aug 2022
UiPath - How to Do Data Scraping from a Web Page and Save ...,https://www.youtube.com/watch?v=fUMi_S3Xqsc,14 Jan 2021
Web Scraping Using Python | GeeksforGeeks - YouTube,https://www.youtube.com/watch?v=O6nnVHPjcJU,14 Apr 2021
UiPath Data Scraping - Extract Data From Web Page to Excel,https://www.youtube.com/watch?v=eXOjPsTvi-I,11 Mar 2022
Web Scrape Text from ANY Website - Web Scraping in R (Part 1),https://www.youtube.com/watch?v=v8Yh_4oE-Fs,11 May 2020
BeautifulSoup + Requests | Web Scraping in Python - YouTube,https://www.youtube.com/watch?v=bargNl2WeN4,27 Jun 2023
Intro to Web Scraping with Python and Beautiful Soup - YouTube,https://www.youtube.com/watch?v=XQgXKtPSzUI,7 Jan 2017
Scraping data from the web in Microsoft Power Automate for ...,https://www.youtube.com/watch?v=zMYp7nz3HyA,15 Oct 2021
Web Scraping Tutorial Using Python - YouTube,https://www.youtube.com/watch?v=4tAp9Lu0eDI,12 May 2023
Scrape Data from Google Maps (in 2023) - YouTube,https://www.youtube.com/watch?v=7_hbCI3HBBE,7 Jan 2023
Inspecting Web Pages with HTML | Web Scraping in Python,https://www.youtube.com/watch?v=q-kbzWjyPak,20 Jun 2023
Build a Web Scraper (super simple!) - YouTube,https://www.youtube.com/watch?v=-3lqUHeZs_0,26 Sept 2021
Web Scraping Databases with Mechanical Soup and SQlite,https://www.youtube.com/watch?v=MkGQmZoMuRM,5 Dec 2021
Learn how to feed your LLMs with web data - YouTube,https://www.youtube.com/watch?v=8uvHH-ocSes,13 Jul 2023
Instant Data Scraper Chorme Extension | Learn Web Scraping,https://www.youtube.com/watch?v=Y5lodOYAURY,16 Aug 2021
Scrape Websites with 1 Prompt using This ChatGPT Plugin,https://www.youtube.com/watch?v=irhD6hydWro,28 Jun 2023
Find and Find_All | Web Scraping in Python - YouTube,https://www.youtube.com/watch?v=xjA1HjvmoMY,4 Jul 2023
Alex Freberg's Post - Web Scraping in Python - LinkedIn,https://www.linkedin.com/posts/alex-freberg_inspecting-web-pages-with-html-web-scraping-activity-7076896146912129024-5KSa?trk=public_profile_like_view,20 Jun 2023
Introduction to Bright Data | Web Scraper IDE - YouTube,https://www.youtube.com/watch?v=Ve04_6gDKvU,14 May 2023
Scape Data from Website to Excel using Octoparse Web Scraper,https://www.youtube.com/watch?v=gbuYE7zhPF8,23 May 2022
Is web scraping legal? - YouTube,https://www.youtube.com/watch?v=pPy3sbeGNjQ,20 Nov 2022
The Best Web Scraping Tools of 2023 - YouTube,https://www.youtube.com/watch?v=bTySEwaGc2k,27 Mar 2023
Web Scraping Using ChatGPT #openai #chatgpt #webscraping,https://www.youtube.com/watch?v=IMccv8xbguE,26 Dec 2022
Start a Business by Scraping Data from the Web - YouTube,https://www.youtube.com/watch?v=_Mm8Vto-xk0,8 Sept 2020
Web Scraping with Node.js - YouTube,https://www.youtube.com/watch?v=eUYMiztBEdY,15 Feb 2018
Web scraping in Python (Part 3): Building a dataset - YouTube,https://www.youtube.com/watch?v=v5DDW5dyfyc,11 Aug 2017
Data Collection through Web Scraping and Proxies - YouTube,https://www.youtube.com/watch?v=yseSCLx27D8,26 Jul 2023
Introduction to data scraping in Python using Requests and ...,https://www.youtube.com/watch?v=7Odi2_u-yDk,30 Oct 2020
Easy Web Scraping in Python using Pandas for Data Science,https://www.youtube.com/watch?v=ooj84UP3r6M,14 Apr 2020
Web Scraping and APIs in 45 Minutes - YouTube,https://www.youtube.com/watch?v=NK-v_ar6hl0,8 Nov 2019
Crawl - Scrape Detailed Data - YouTube,https://www.youtube.com/watch?v=rjuuVdebWiY,11 Sept 2021
Twitter: How does data scraping work? - YouTube,https://www.youtube.com/watch?v=IFnGx9LEA9k,4 Jul 2023
10 Minute Tip: Data Scraping and Visualizing using Instant ...,https://www.youtube.com/watch?v=mohq4enmVNE,15 Apr 2020
Webinar: Web-scraping for Social Science Research - YouTube,https://www.youtube.com/watch?v=Q-UaAFBtUDw,28 Apr 2020
Google Maps Data Scraping by Free Instant Data Scraper ...,https://www.youtube.com/watch?v=iNy4kfyzK-k,26 Aug 2021
Web scraping - Get Lists Of Companies From Websites,https://www.youtube.com/watch?v=UUfsL7kkZe8,9 Feb 2023
Web scraping and Covid-19: Covid 1 - YouTube,https://www.youtube.com/watch?v=ANPPg6fDaEQ,5 Oct 2021
Web Scraping on Your iPad Alone - YouTube,https://www.youtube.com/watch?v=NaD7r_mtr4I,30 Oct 2021
Scrapy Tutorial + Storing Data to MongoDB - YouTube,https://www.youtube.com/watch?v=GogxAQ2JP4A,21 Jun 2023
Introduction to Bright Data | Scraping Browser - YouTube,https://www.youtube.com/watch?v=kuDuJWvho7Q,14 Jun 2023
Scraping web data using Simplescraper and Parabola,https://www.youtube.com/watch?v=9aLtF70ugR0,6 Mar 2022
Best Web Scraping Software | Best Data Entry Tool - YouTube,https://www.youtube.com/watch?v=mWWQCECpImA,28 May 2020
Youtube API Project - How to Scrape Youtube Videos Data,https://www.youtube.com/watch?v=zSgx8U16stk,18 Feb 2021
Is Web Scraping Easy? YES | Octoparse,https://www.octoparse.com/blog/is-web-scraping-easy,11 May 2023
Web Scraping in Power Automate for Desktop (Full Tutorial),https://www.youtube.com/watch?v=WXK0u2yXLrU,25 May 2022
Web Scraping with Beautiful Soup - Make Databases from ...,https://www.youtube.com/watch?v=ySNSY7iiBDY,3 Jun 2020
How to extract data from YouTube with YouTube Scraper,https://www.youtube.com/watch?v=xObhZ0Ga7EQ,15 Mar 2022
Octoparse- Easy Web Scraping Tool Without Any Coding ...,https://www.youtube.com/watch?v=1PLta8E_HsA,14 May 2021
Automated Web Scraping | Bright Data Webinar - YouTube,https://www.youtube.com/watch?v=d4e4xVr0I5g,27 Apr 2021
Scraping data from a webpage - Talend job #4 - YouTube,https://www.youtube.com/watch?v=gy5xuoqOAtU,13 Jul 2022
Web scraping with python Part-1 || English - YouTube,https://www.youtube.com/watch?v=P2_mUAxzyEg,28 Nov 2020
Scraping Data from a Real Website | Web Scraping in Python,https://m.youtube.com/watch?v=8dTpNajxaH0&pp=ygUMI3dlYnNjcmFwcGlu,26 Sept 2023
Web Scraping APIs with Python for Data Science - YouTube,https://www.youtube.com/watch?v=kJyOp12PgP4,13 Feb 2023
How to do Data Scraping in UiPath - Full Tutorial - YouTube,https://www.youtube.com/watch?v=94vxID7MBOM,21 Apr 2022
AWESOME Excel trick to scrape data from web automatically,https://www.youtube.com/watch?v=lFx0MkyBZsg,19 Jul 2022
Python WEB SCRAPING in 30 Seconds! ‍ #shorts - YouTube,https://www.youtube.com/watch?v=AaWaE2CEUF0,17 Jan 2022
OpenAI's Legal Woes Driven by Unclear Mesh of Web ...,https://news.bloomberglaw.com/ip-law/openais-legal-woes-driven-by-unclear-mesh-of-web-scraping-laws,5 Jul 2023
Web scraping: extract data from any webpage with Cables.gl,https://www.youtube.com/watch?v=fZYrnqtMYjM,8 Nov 2021
Make Money The Easy Way - Using Your Own Web Scraper,https://www.youtube.com/watch?v=j-0ZzHVy6CE,21 Nov 2022
How to Scrape Data From Another Website Into Bubble.io,https://www.youtube.com/watch?v=1WOQumXj0kg,26 Jun 2022
Scraping web using Python? Using NoCoding Data Scraper ...,https://www.youtube.com/watch?v=FtLlIF5FiPw,27 Aug 2020
Will ChatGPT Replace Web Scraping Tools? - YouTube,https://www.youtube.com/watch?v=2NzErt_6ZwI,8 Mar 2023
